id,tags
0,"FICTION NOVEL"
1,"HISTORICAL-FICTION HISTORICAL-NOVEL NOVEL ROMANCE-NOVEL FICTION"
2,"FICTION NOVEL"
3,"HISTORICAL-FICTION HISTORICAL-NOVEL"
4,"FICTION NOVEL"
5,"FICTION NOVEL ROMANCE-NOVEL"
6,"NOVEL FICTION"
7,"FANTASY SCIENCE-FICTION SPECULATIVE-FICTION"
8,"SCIENCE-FICTION SPECULATIVE-FICTION FICTION NOVEL"
9,"SPECULATIVE-FICTION"
10,"SCIENCE-FICTION SPECULATIVE-FICTION"
11,"FICTION NOVEL FANTASY SPECULATIVE-FICTION"
12,"FICTION HISTORICAL-NOVEL SPECULATIVE-FICTION ROMANCE-NOVEL"
13,"SCIENCE-FICTION SPECULATIVE-FICTION FANTASY"
14,"NOVEL FICTION ROMANCE-NOVEL"
15,"FICTION NOVEL"
16,"FICTION NOVEL FANTASY SPECULATIVE-FICTION"
17,"SCIENCE-FICTION SPECULATIVE-FICTION"
18,"FANTASY SCIENCE-FICTION SPECULATIVE-FICTION"
19,"FANTASY SCIENCE-FICTION SPECULATIVE-FICTION"
20,"CHILDREN'S-LITERATURE SCIENCE-FICTION SPECULATIVE-FICTION"
21,"SCIENCE-FICTION SPECULATIVE-FICTION"
22,"FICTION NOVEL"
23,"FICTION NOVEL"
24,"FICTION NOVEL"
25,"CHILDREN'S-LITERATURE FICTION NOVEL"
26,"FICTION HISTORICAL-NOVEL NOVEL ROMANCE-NOVEL"
27,"FICTION NOVEL"
28,"FICTION NON-FICTION NOVEL"
29,""
30,"SCIENCE-FICTION SPECULATIVE-FICTION"
31,"FANTASY CHILDREN'S-LITERATURE SPECULATIVE-FICTION"
32,"CRIME-FICTION SUSPENSE THRILLER FICTION SPY-FICTION"
33,"CHILDREN'S-LITERATURE FANTASY SPECULATIVE-FICTION"
34,"FICTION THRILLER MYSTERY CRIME-FICTION"
35,"FICTION NOVEL"
36,"HISTORICAL-NOVEL NOVEL FICTION"
37,"SCIENCE-FICTION SPECULATIVE-FICTION"
38,"FICTION MYSTERY"
39,"FANTASY SCIENCE-FICTION SPECULATIVE-FICTION"
40,"FICTION NON-FICTION"
41,"CHILDREN'S-LITERATURE FICTION SPECULATIVE-FICTION NOVEL"
42,"FICTION NOVEL SPECULATIVE-FICTION"
43,"NOVEL FICTION"
44,"MYSTERY FICTION"
45,"FICTION NOVEL CHILDREN'S-LITERATURE"
46,"CHILDREN'S-LITERATURE"
47,"HISTORICAL-FICTION HISTORICAL-NOVEL FICTION"
48,"SCIENCE-FICTION FANTASY SPECULATIVE-FICTION FICTION"
49,"CHILDREN'S-LITERATURE YOUNG-ADULT-LITERATURE FICTION"
50,"SPECULATIVE-FICTION NON-FICTION NOVEL FICTION"
51,"FICTION THRILLER MYSTERY SPY-FICTION"
52,"FICTION NOVEL"
53,"FANTASY SPECULATIVE-FICTION"
54,"FICTION MYSTERY NOVEL"
55,"SCIENCE-FICTION FANTASY SPECULATIVE-FICTION"
56,"FANTASY SPECULATIVE-FICTION CHILDREN'S-LITERATURE"
57,"FANTASY CHILDREN'S-LITERATURE SPECULATIVE-FICTION"
58,"FICTION NOVEL"
59,"NOVEL SPECULATIVE-FICTION FICTION"
60,"HISTORICAL-FICTION HISTORICAL-NOVEL NOVEL FICTION"
61,"DETECTIVE-FICTION MYSTERY CRIME-FICTION FICTION SUSPENSE"
62,"FICTION NOVEL"
63,"FICTION FANTASY SPECULATIVE-FICTION CHILDREN'S-LITERATURE"
64,"FICTION SCIENCE-FICTION SPECULATIVE-FICTION"
65,"CHILDREN'S-LITERATURE MYSTERY ROMANCE-NOVEL HORROR SPECULATIVE-FICTION FICTION"
66,"FANTASY CHILDREN'S-LITERATURE SPECULATIVE-FICTION"
67,"FICTION NOVEL SPECULATIVE-FICTION"
68,"SCIENCE-FICTION SPECULATIVE-FICTION FANTASY"
69,"NOVEL"
70,"CHILDREN'S-LITERATURE FICTION"
71,"NOVEL"
72,"CHILDREN'S-LITERATURE FICTION NOVEL SPECULATIVE-FICTION"
73,""
74,"FICTION NOVEL"
75,"NOVEL FICTION"
76,"FICTION NOVEL SCIENCE-FICTION SPECULATIVE-FICTION"
77,"MYSTERY FICTION HORROR SPECULATIVE-FICTION"
78,"FANTASY SCIENCE-FICTION SPECULATIVE-FICTION"
79,"SPECULATIVE-FICTION SCIENCE-FICTION FANTASY"
80,"FICTION NOVEL"
81,"SCIENCE-FICTION FANTASY SPECULATIVE-FICTION"
82,"NOVEL SCIENCE-FICTION SPECULATIVE-FICTION"
83,"FICTION NOVEL"
84,"FANTASY FICTION SPECULATIVE-FICTION"
85,"FICTION"
86,"FICTION NOVEL"
87,"CHILDREN'S-LITERATURE FICTION NOVEL YOUNG-ADULT-LITERATURE"
88,"DETECTIVE-FICTION FICTION MYSTERY SUSPENSE"
89,"FICTION HISTORICAL-FICTION NOVEL"
90,"NOVEL FICTION"
91,"SCIENCE-FICTION SPECULATIVE-FICTION"
92,"CRIME-FICTION DETECTIVE-FICTION FICTION MYSTERY SUSPENSE"
93,"FICTION NOVEL"
94,"FICTION NOVEL"
95,"NOVEL FICTION"
96,"FICTION NOVEL"
97,"FICTION NOVEL YOUNG-ADULT-LITERATURE"
98,"FICTION NOVEL SCIENCE-FICTION SPECULATIVE-FICTION"
99,"SCIENCE-FICTION SPECULATIVE-FICTION FICTION"
100,"FICTION SUSPENSE THRILLER"
101,"NOVEL FICTION"
102,""
103,"CHILDREN'S-LITERATURE FANTASY"
104,"FICTION NOVEL"
105,"FICTION SCIENCE-FICTION SPECULATIVE-FICTION THRILLER"
106,"SPY-FICTION THRILLER"
107,"FICTION SPY-FICTION"
108,"THRILLER FICTION"
109,"NOVEL SCIENCE-FICTION SPECULATIVE-FICTION"
110,"FICTION HORROR SPECULATIVE-FICTION FANTASY"
111,"SCIENCE-FICTION SPECULATIVE-FICTION"
112,"FICTION NOVEL"
113,"CHILDREN'S-LITERATURE FICTION"
114,"NOVEL FICTION"
115,"SCIENCE-FICTION SPECULATIVE-FICTION"
116,"FICTION NOVEL"
117,"NOVEL FICTION"
118,"NOVEL ROMANCE-NOVEL FICTION"
119,"SCIENCE-FICTION SPECULATIVE-FICTION"
120,"FICTION NOVEL"
121,"FANTASY FICTION SPECULATIVE-FICTION"
122,"CRIME-FICTION FICTION MYSTERY SUSPENSE THRILLER"
123,"SCIENCE-FICTION SPECULATIVE-FICTION NON-FICTION NOVEL"
124,"NOVEL SCIENCE-FICTION SPECULATIVE-FICTION"
125,"SCIENCE-FICTION SPECULATIVE-FICTION"
126,"THRILLER FICTION"
127,"FICTION NOVEL"
128,"FICTION HISTORICAL-FICTION HISTORICAL-NOVEL MYSTERY NOVEL"
129,"FICTION NOVEL SPECULATIVE-FICTION"
130,"FICTION NOVEL SCIENCE-FICTION SPECULATIVE-FICTION"
131,"THRILLER FICTION SPY-FICTION"
132,"SPECULATIVE-FICTION"
133,"FICTION MYSTERY NOVEL"
134,"CHILDREN'S-LITERATURE FICTION NOVEL"
135,"SPECULATIVE-FICTION THRILLER FICTION"
136,"CHILDREN'S-LITERATURE NOVEL FICTION"
137,"CHILDREN'S-LITERATURE FANTASY SPECULATIVE-FICTION"
138,"FICTION HORROR FANTASY SPECULATIVE-FICTION"
139,"HISTORICAL-FICTION HISTORICAL-NOVEL NOVEL ROMANCE-NOVEL FICTION"
140,"CRIME-FICTION MYSTERY SUSPENSE FICTION"
141,"FICTION THRILLER"
142,"FICTION NOVEL"
143,"CHILDREN'S-LITERATURE FANTASY"
144,"FICTION NOVEL ROMANCE-NOVEL"
145,"FICTION NOVEL"
146,"FICTION"
147,"CHILDREN'S-LITERATURE FICTION"
148,"FANTASY CHILDREN'S-LITERATURE SPECULATIVE-FICTION"
149,"FANTASY SPECULATIVE-FICTION"
150,"FICTION FANTASY"
151,"NOVEL FICTION"
152,"CHILDREN'S-LITERATURE FICTION FANTASY SPECULATIVE-FICTION"
153,"FICTION NOVEL HISTORICAL-NOVEL"
154,"FANTASY"
155,"FICTION HORROR HUMOUR MYSTERY SPECULATIVE-FICTION"
156,"FANTASY SPECULATIVE-FICTION"
157,"FICTION NOVEL"
158,"FICTION NOVEL"
159,"SCIENCE-FICTION SPECULATIVE-FICTION"
160,"CRIME-FICTION FICTION MYSTERY NOVEL SUSPENSE"
161,"CRIME-FICTION THRILLER FICTION MYSTERY"
162,"DETECTIVE-FICTION HISTORICAL-NOVEL"
163,"DETECTIVE-FICTION MYSTERY"
164,"DETECTIVE-FICTION MYSTERY"
165,"DETECTIVE-FICTION MYSTERY CHILDREN'S-LITERATURE"
166,"DETECTIVE-FICTION MYSTERY CHILDREN'S-LITERATURE"
167,"CHILDREN'S-LITERATURE FICTION"
168,"FICTION NOVEL"
169,"CRIME-FICTION MYSTERY FICTION SUSPENSE"
170,"CHILDREN'S-LITERATURE FICTION NOVEL YOUNG-ADULT-LITERATURE"
171,"SPECULATIVE-FICTION FANTASY"
172,"CHILDREN'S-LITERATURE FICTION"
173,"HISTORICAL-NOVEL NOVEL FICTION"
174,"FICTION SPECULATIVE-FICTION"
175,"CRIME-FICTION MYSTERY SUSPENSE SPECULATIVE-FICTION FICTION NOVEL"
176,"SCIENCE-FICTION SPECULATIVE-FICTION THRILLER MYSTERY"
177,"CRIME-FICTION FICTION NOVEL"
178,"FANTASY CHILDREN'S-LITERATURE SPECULATIVE-FICTION"
179,"CRIME-FICTION MYSTERY NOVEL FICTION"
180,"FANTASY CHILDREN'S-LITERATURE SPECULATIVE-FICTION"
181,"DETECTIVE-FICTION FICTION MYSTERY NOVEL SUSPENSE"
182,"SPECULATIVE-FICTION"
183,"SCIENCE-FICTION SPECULATIVE-FICTION"
184,"FANTASY SPECULATIVE-FICTION"
185,"FICTION NOVEL SCIENCE-FICTION SPECULATIVE-FICTION"
186,"FANTASY SCIENCE-FICTION SPECULATIVE-FICTION"
187,"SCIENCE-FICTION SPECULATIVE-FICTION"
188,"HISTORY NOVEL FICTION"
189,"SCIENCE-FICTION SPECULATIVE-FICTION"
190,"SCIENCE-FICTION SPECULATIVE-FICTION FANTASY"
191,"CHILDREN'S-LITERATURE FICTION NOVEL YOUNG-ADULT-LITERATURE"
192,"SPECULATIVE-FICTION FICTION"
193,"FICTION NOVEL"
194,"CHILDREN'S-LITERATURE FANTASY FICTION SPECULATIVE-FICTION"
195,"SCIENCE-FICTION SPECULATIVE-FICTION"
196,"NOVEL FICTION"
197,"FICTION MYSTERY NOVEL SUSPENSE CRIME-FICTION"
198,"FANTASY CHILDREN'S-LITERATURE SPECULATIVE-FICTION"
199,"FANTASY SPECULATIVE-FICTION"
200,"SCIENCE-FICTION SPECULATIVE-FICTION"
201,"SCIENCE-FICTION CHILDREN'S-LITERATURE FICTION SPECULATIVE-FICTION"
202,"SCIENCE-FICTION SPECULATIVE-FICTION CHILDREN'S-LITERATURE FICTION"
203,"SCIENCE-FICTION SPECULATIVE-FICTION CHILDREN'S-LITERATURE FICTION"
204,"SCIENCE-FICTION SPECULATIVE-FICTION CHILDREN'S-LITERATURE FICTION"
205,"FICTION NOVEL"
206,"NOVEL FICTION"
207,"FICTION HISTORICAL-FICTION HISTORICAL-NOVEL NOVEL ROMANCE-NOVEL"
208,"FICTION NOVEL SPECULATIVE-FICTION"
209,"SCIENCE-FICTION SPECULATIVE-FICTION"
210,"FANTASY SPECULATIVE-FICTION"
211,"FICTION SPECULATIVE-FICTION"
212,"FICTION HISTORICAL-NOVEL ROMANCE-NOVEL"
213,"FICTION NOVEL"
214,"FICTION HISTORICAL-NOVEL NOVEL ROMANCE-NOVEL"
215,"FICTION NOVEL"
216,"HISTORICAL-NOVEL ROMANCE-NOVEL FICTION NOVEL"
217,"SCIENCE-FICTION SPECULATIVE-FICTION"
218,"CRIME-FICTION MYSTERY SUSPENSE THRILLER FICTION"
219,"CHILDREN'S-LITERATURE HISTORICAL-NOVEL FICTION"
220,"NOVEL FICTION"
221,"MYSTERY SUSPENSE FICTION"
222,"FICTION"
223,"HISTORICAL-FICTION HISTORICAL-NOVEL NOVEL SPECULATIVE-FICTION"
224,"NOVEL SPECULATIVE-FICTION FICTION"
225,"FICTION HISTORICAL-NOVEL NOVEL"
226,"SCIENCE-FICTION SPECULATIVE-FICTION"
227,"SCIENCE-FICTION SPECULATIVE-FICTION"
228,"FANTASY SCIENCE-FICTION SPECULATIVE-FICTION"
229,"FICTION SCIENCE-FICTION SPECULATIVE-FICTION"
230,"FICTION NOVEL"
231,"FANTASY CHILDREN'S-LITERATURE SPECULATIVE-FICTION FICTION"
232,"FICTION NOVEL"
233,"FICTION THRILLER SPY-FICTION"
234,"SCIENCE-FICTION SPECULATIVE-FICTION FANTASY"
235,"FICTION NOVEL"
236,"CRIME-FICTION FICTION MYSTERY SUSPENSE"
237,"FICTION SCIENCE-FICTION SPECULATIVE-FICTION NOVEL"
238,"CHILDREN'S-LITERATURE ROMANCE-NOVEL FANTASY"
239,"CRIME-FICTION MYSTERY NOVEL SUSPENSE FICTION"
240,"FICTION NOVEL"
241,"CHILDREN'S-LITERATURE YOUNG-ADULT-LITERATURE"
242,"FICTION HISTORICAL-FICTION HISTORICAL-NOVEL NOVEL ROMANCE-NOVEL"
243,"NOVEL FICTION"
244,"FANTASY FICTION SPECULATIVE-FICTION CHILDREN'S-LITERATURE"
245,"SPY-FICTION THRILLER SCIENCE-FICTION"
246,"SCIENCE-FICTION CHILDREN'S-LITERATURE SPECULATIVE-FICTION"
247,"NOVEL FICTION"
248,"NOVEL FICTION"
249,"SATIRE NOVEL FICTION"
250,"CRIME-FICTION MYSTERY SUSPENSE THRILLER FICTION"
251,"NOVEL FICTION"
252,"FICTION WAR-NOVEL NON-FICTION"
253,"MYSTERY CRIME-FICTION DETECTIVE-FICTION FICTION SUSPENSE THRILLER"
254,"SCIENCE-FICTION FANTASY SPECULATIVE-FICTION"
255,"AUTOBIOGRAPHY"
256,"CHILDREN'S-LITERATURE DETECTIVE-FICTION FANTASY MYSTERY"
257,"FICTION MYSTERY DETECTIVE-FICTION SUSPENSE CRIME-FICTION"
258,"SCIENCE-FICTION SPECULATIVE-FICTION NOVEL"
259,"FICTION NOVEL"
260,"NON-FICTION NOVEL"
261,"SPECULATIVE-FICTION FICTION HISTORICAL-NOVEL"
262,"NON-FICTION NOVEL"
263,"CHILDREN'S-LITERATURE FANTASY FICTION SPECULATIVE-FICTION"
264,"SCIENCE-FICTION CHILDREN'S-LITERATURE SPECULATIVE-FICTION FICTION"
265,"FANTASY HISTORICAL-NOVEL FICTION"
266,"FICTION THRILLER NOVEL"
267,"FICTION NOVEL"
268,"FICTION NOVEL"
269,"FICTION NOVEL ROMANCE-NOVEL"
270,"FICTION NOVEL"
271,"HISTORICAL-FICTION HISTORICAL-NOVEL FANTASY SPECULATIVE-FICTION"
272,"CHILDREN'S-LITERATURE FICTION NOVEL"
273,"FICTION NOVEL"
274,"FANTASY HISTORICAL-NOVEL SPECULATIVE-FICTION"
275,"SCIENCE-FICTION SPECULATIVE-FICTION"
276,"CHILDREN'S-LITERATURE COMIC-NOVEL FICTION NOVEL ROMANCE-NOVEL"
277,"FICTION NOVEL"
278,"NOVEL FICTION"
279,"FICTION NOVEL CHILDREN'S-LITERATURE"
280,"NOVEL NON-FICTION"
281,"FANTASY SCIENCE-FICTION SPECULATIVE-FICTION"
282,"SCIENCE-FICTION SPECULATIVE-FICTION"
283,"HISTORICAL-FICTION HISTORICAL-NOVEL NOVEL FICTION"
284,"FICTION NOVEL"
285,"NOVEL FICTION"
286,"FANTASY SPECULATIVE-FICTION"
287,"FICTION NOVEL"
288,"HORROR CHILDREN'S-LITERATURE FANTASY FICTION SCIENCE-FICTION SPECULATIVE-FICTION"
289,"HORROR CHILDREN'S-LITERATURE FANTASY FICTION SCIENCE-FICTION SPECULATIVE-FICTION"
290,"FANTASY CHILDREN'S-LITERATURE FICTION HORROR SPECULATIVE-FICTION SCIENCE-FICTION"
291,"FANTASY SPECULATIVE-FICTION"
292,"HORROR CHILDREN'S-LITERATURE FANTASY FICTION SPECULATIVE-FICTION YOUNG-ADULT-LITERATURE SCIENCE-FICTION"
293,"NOVEL FICTION"
294,"FICTION NOVEL"
295,"CHILDREN'S-LITERATURE YOUNG-ADULT-LITERATURE FICTION"
296,"FICTION NOVEL NON-FICTION"
297,"FICTION NOVEL"
298,"FANTASY SCIENCE-FICTION SPECULATIVE-FICTION"
299,"HORROR SPECULATIVE-FICTION FICTION MYSTERY CHILDREN'S-LITERATURE FANTASY"
300,""
301,"HISTORICAL-FICTION HISTORICAL-NOVEL ROMANCE-NOVEL SPECULATIVE-FICTION"
302,"CHILDREN'S-LITERATURE FICTION NOVEL YOUNG-ADULT-LITERATURE"
303,"FICTION NOVEL"
304,"CRIME-FICTION FICTION MYSTERY SUSPENSE"
305,"HISTORICAL-NOVEL WAR-NOVEL FICTION NOVEL"
306,"CRIME-FICTION FICTION MYSTERY SUSPENSE"
307,"CHILDREN'S-LITERATURE NOVEL YOUNG-ADULT-LITERATURE FICTION"
308,"MYSTERY CRIME-FICTION FICTION NOVEL SUSPENSE"
309,"FICTION NOVEL"
310,"SCIENCE-FICTION SPECULATIVE-FICTION"
311,"FICTION HISTORICAL-NOVEL"
312,"FICTION NOVEL"
313,"CHILDREN'S-LITERATURE FICTION NOVEL"
314,"CHILDREN'S-LITERATURE FANTASY FICTION SPECULATIVE-FICTION"
315,"FICTION NOVEL"
316,"CHILDREN'S-LITERATURE FANTASY"
317,"CHILDREN'S-LITERATURE FANTASY FICTION YOUNG-ADULT-LITERATURE"
318,"CRIME-FICTION DETECTIVE-FICTION FICTION MYSTERY SUSPENSE"
319,"HORROR SPECULATIVE-FICTION FANTASY FICTION SCIENCE-FICTION"
320,"CRIME-FICTION HORROR MYSTERY SCIENCE-FICTION SPECULATIVE-FICTION"
321,"HORROR FICTION MYSTERY SPECULATIVE-FICTION"
322,"FANTASY HORROR SPECULATIVE-FICTION CHILDREN'S-LITERATURE FICTION"
323,"HORROR SPECULATIVE-FICTION DETECTIVE-FICTION FICTION MYSTERY"
324,"CRIME-FICTION FICTION MYSTERY SUSPENSE"
325,"FICTION NOVEL"
326,"FICTION HISTORICAL-FICTION HISTORICAL-NOVEL NOVEL ROMANCE-NOVEL"
327,"SPECULATIVE-FICTION FICTION NOVEL HISTORICAL-NOVEL"
328,"FICTION HISTORICAL-FICTION HISTORICAL-NOVEL NOVEL ROMANCE-NOVEL"
329,"CHILDREN'S-LITERATURE FANTASY FICTION SPECULATIVE-FICTION"
330,"FICTION NOVEL ROMANCE-NOVEL MYSTERY"
331,"FANTASY SPECULATIVE-FICTION CHILDREN'S-LITERATURE"
332,"FANTASY CHILDREN'S-LITERATURE SPECULATIVE-FICTION FICTION"
333,"CHILDREN'S-LITERATURE FANTASY FICTION SPECULATIVE-FICTION"
334,"FANTASY SPECULATIVE-FICTION"
335,"FANTASY FICTION SPECULATIVE-FICTION"
336,"FICTION NOVEL"
337,"CHILDREN'S-LITERATURE FICTION NOVEL"
338,"FICTION NOVEL SPECULATIVE-FICTION"
339,"FICTION NOVEL"
340,"SCIENCE-FICTION SPECULATIVE-FICTION"
341,"NOVEL SCIENCE-FICTION SPECULATIVE-FICTION FICTION"
342,"FICTION NOVEL"
343,"ADVENTURE-NOVEL CHILDREN'S-LITERATURE YOUNG-ADULT-LITERATURE"
344,"SCIENCE-FICTION FANTASY SPECULATIVE-FICTION"
345,"FANTASY SCIENCE-FICTION SPECULATIVE-FICTION"
346,"FANTASY CHILDREN'S-LITERATURE SPECULATIVE-FICTION"
347,"FANTASY SPECULATIVE-FICTION"
348,"FANTASY FICTION SCIENCE-FICTION SPECULATIVE-FICTION"
349,"SCIENCE-FICTION SPECULATIVE-FICTION"
350,"FANTASY SCIENCE-FICTION SPECULATIVE-FICTION"
351,"CHILDREN'S-LITERATURE FICTION YOUNG-ADULT-LITERATURE"
352,"FANTASY SCIENCE-FICTION SPECULATIVE-FICTION"
353,"ALTERNATE-HISTORY HISTORICAL-NOVEL"
354,"FICTION SPECULATIVE-FICTION"
355,"SCIENCE-FICTION FANTASY SPECULATIVE-FICTION CHILDREN'S-LITERATURE"
356,"CHILDREN'S-LITERATURE FANTASY SPECULATIVE-FICTION FICTION"
357,"NOVEL FICTION"
358,"NOVEL"
359,"SCIENCE-FICTION SPECULATIVE-FICTION FANTASY FICTION"
360,"CHILDREN'S-LITERATURE FANTASY"
361,"CHILDREN'S-LITERATURE FICTION"
362,"MYSTERY CRIME-FICTION SUSPENSE FICTION"
363,"THRILLER SPECULATIVE-FICTION FICTION"
364,"FANTASY HISTORICAL-NOVEL SPECULATIVE-FICTION"
365,"SCIENCE-FICTION SPECULATIVE-FICTION"
366,"FICTION NOVEL"
367,"DETECTIVE-FICTION MYSTERY CHILDREN'S-LITERATURE"
368,"SCIENCE-FICTION SPECULATIVE-FICTION"
369,"ADVENTURE-NOVEL FANTASY SPECULATIVE-FICTION"
370,"NOVEL SATIRE FICTION"
371,"FICTION HISTORICAL-FICTION NOVEL ROMANCE-NOVEL"
372,"FICTION SPECULATIVE-FICTION"
373,"SCIENCE-FICTION SPECULATIVE-FICTION"
374,"FANTASY SCIENCE-FICTION SPECULATIVE-FICTION"
375,"CHILDREN'S-LITERATURE FANTASY FICTION SPECULATIVE-FICTION"
376,"CHILDREN'S-LITERATURE FICTION"
377,"HISTORICAL-NOVEL FICTION HISTORICAL-FICTION NOVEL"
378,"FANTASY SCIENCE-FICTION SPECULATIVE-FICTION"
379,"SCIENCE-FICTION CHILDREN'S-LITERATURE SPECULATIVE-FICTION"
380,"FANTASY SPECULATIVE-FICTION"
381,"SCIENCE-FICTION SPECULATIVE-FICTION"
382,"SCIENCE-FICTION SPECULATIVE-FICTION"
383,"HORROR SPECULATIVE-FICTION FANTASY SCIENCE-FICTION FICTION"
384,"FICTION NOVEL"
385,"SCIENCE-FICTION SPECULATIVE-FICTION"
386,"SCIENCE-FICTION SPECULATIVE-FICTION"
387,"CRIME-FICTION MYSTERY SUSPENSE FICTION"
388,"NOVEL FICTION"
389,"CHILDREN'S-LITERATURE FICTION NOVEL"
390,"FICTION MYSTERY NOVEL SUSPENSE"
391,"CHILDREN'S-LITERATURE FICTION HISTORICAL-NOVEL NOVEL"
392,"FICTION YOUNG-ADULT-LITERATURE"
393,"HISTORICAL-FICTION HISTORICAL-NOVEL"
394,"CHILDREN'S-LITERATURE SPECULATIVE-FICTION FANTASY"
395,"CHILDREN'S-LITERATURE SPECULATIVE-FICTION FANTASY SCIENCE-FICTION"
396,"SCIENCE-FICTION SPECULATIVE-FICTION"
397,"CRIME-FICTION MYSTERY SPECULATIVE-FICTION SUSPENSE TECHNO-THRILLER THRILLER FICTION"
398,""
399,"FICTION"
400,"CHILDREN'S-LITERATURE FICTION"
401,"FICTION NOVEL ROMANCE-NOVEL"
402,"FICTION HISTORICAL-NOVEL NOVEL HISTORICAL-FICTION"
403,"FICTION HISTORICAL-FICTION HISTORICAL-NOVEL"
404,"FICTION HISTORICAL-FICTION HISTORICAL-NOVEL"
405,"CHILDREN'S-LITERATURE FICTION NOVEL"
406,"CHILDREN'S-LITERATURE NOVEL YOUNG-ADULT-LITERATURE FICTION"
407,"CHILDREN'S-LITERATURE FANTASY SPECULATIVE-FICTION"
408,"HISTORICAL-NOVEL MYSTERY SUSPENSE"
409,"CHILDREN'S-LITERATURE FICTION YOUNG-ADULT-LITERATURE NOVEL"
410,"FICTION NOVEL"
411,"CRIME-FICTION DETECTIVE-FICTION MYSTERY SUSPENSE FICTION"
412,"ADVENTURE-NOVEL CHILDREN'S-LITERATURE DETECTIVE-FICTION MYSTERY"
413,"FANTASY SCIENCE-FICTION SPECULATIVE-FICTION"
414,"FANTASY CHILDREN'S-LITERATURE SPECULATIVE-FICTION"
415,"DETECTIVE-FICTION MYSTERY FICTION"
416,"FANTASY SPECULATIVE-FICTION"
417,"HISTORICAL-FICTION HISTORICAL-NOVEL NOVEL FICTION"
418,"FICTION MYSTERY SUSPENSE"
419,"SCIENCE-FICTION SPECULATIVE-FICTION"
420,"CHILDREN'S-LITERATURE FICTION HORROR SPECULATIVE-FICTION"
421,"NOVEL FICTION AUTOBIOGRAPHY MEMOIR BIOGRAPHY"
422,"NOVEL SPECULATIVE-FICTION FICTION"
423,"FANTASY FICTION SPECULATIVE-FICTION SCIENCE-FICTION"
424,"CRIME-FICTION FICTION MYSTERY NOVEL SUSPENSE"
425,"NOVEL ROMANCE-NOVEL FICTION CRIME-FICTION MYSTERY"
426,"FICTION HORROR FANTASY SPECULATIVE-FICTION"
427,"SPECULATIVE-FICTION FANTASY SCIENCE-FICTION"
428,"CRIME-FICTION FICTION MYSTERY SUSPENSE"
429,"CRIME-FICTION MYSTERY SUSPENSE DETECTIVE-FICTION FICTION"
430,"CRIME-FICTION FICTION MYSTERY SUSPENSE"
431,"FICTION NOVEL"
432,"FICTION SCIENCE-FICTION SPECULATIVE-FICTION"
433,"FICTION NOVEL"
434,"SPECULATIVE-FICTION SCIENCE-FICTION"
435,"SCIENCE-FICTION SPECULATIVE-FICTION"
436,"CHILDREN'S-LITERATURE FICTION"
437,"CHILDREN'S-LITERATURE FICTION YOUNG-ADULT-LITERATURE"
438,"SCIENCE-FICTION SPECULATIVE-FICTION"
439,"CRIME-FICTION FICTION MYSTERY SUSPENSE"
440,"CRIME-FICTION MYSTERY SUSPENSE DETECTIVE-FICTION FICTION NOVEL"
441,"MYSTERY CRIME-FICTION DETECTIVE-FICTION FICTION SUSPENSE"
442,"CRIME-FICTION FICTION MYSTERY NOVEL SUSPENSE"
443,"SCIENCE-FICTION SPECULATIVE-FICTION"
444,"FICTION NOVEL ROMANCE-NOVEL"
445,"SCIENCE-FICTION SPECULATIVE-FICTION"
446,"SCIENCE-FICTION SPECULATIVE-FICTION"
447,"SCIENCE-FICTION SPECULATIVE-FICTION"
448,"FICTION NOVEL"
449,"CHILDREN'S-LITERATURE SPECULATIVE-FICTION"
450,"FICTION SCIENCE-FICTION SPECULATIVE-FICTION"
451,"FANTASY SCIENCE-FICTION SPECULATIVE-FICTION"
452,"FANTASY SPECULATIVE-FICTION"
453,"CHILDREN'S-LITERATURE FICTION YOUNG-ADULT-LITERATURE NOVEL"
454,"CHILDREN'S-LITERATURE FICTION"
455,"NON-FICTION SCIENCE-FICTION"
456,"SPY-FICTION FICTION MYSTERY SUSPENSE"
457,"FICTION MYSTERY SPY-FICTION SUSPENSE"
458,"FANTASY SCIENCE-FICTION SPECULATIVE-FICTION"
459,"CHILDREN'S-LITERATURE FANTASY SPECULATIVE-FICTION"
460,"FICTION SCIENCE-FICTION SPECULATIVE-FICTION"
461,"HISTORICAL-NOVEL MYSTERY FICTION"
462,"SCIENCE-FICTION SPECULATIVE-FICTION"
463,"HISTORICAL-NOVEL"
464,"FANTASY SPECULATIVE-FICTION"
465,"FICTION MYSTERY CRIME-FICTION NOVEL"
466,"FANTASY SPECULATIVE-FICTION"
467,"FANTASY SPECULATIVE-FICTION"
468,"ALTERNATE-HISTORY HISTORICAL-NOVEL SCIENCE-FICTION"
469,"CHILDREN'S-LITERATURE FICTION YOUNG-ADULT-LITERATURE"
470,"FANTASY SCIENCE-FICTION SPECULATIVE-FICTION"
471,"SCIENCE-FICTION SPECULATIVE-FICTION"
472,"SPY-FICTION SPECULATIVE-FICTION THRILLER"
473,"CHILDREN'S-LITERATURE FICTION"
474,"FICTION MYSTERY NOVEL SUSPENSE CRIME-FICTION"
475,"CHILDREN'S-LITERATURE"
476,"FICTION NOVEL"
477,"SCIENCE-FICTION SPECULATIVE-FICTION FICTION"
478,"NOVEL AUTOBIOGRAPHY NON-FICTION"
479,"FANTASY SPECULATIVE-FICTION"
480,"FICTION SPECULATIVE-FICTION HORROR"
481,"HORROR SPECULATIVE-FICTION FICTION"
482,"CRIME-FICTION MYSTERY FICTION SUSPENSE THRILLER"
483,"CHILDREN'S-LITERATURE FICTION"
484,"THRILLER"
485,"SCIENCE-FICTION SPECULATIVE-FICTION FICTION"
486,"CHILDREN'S-LITERATURE FANTASY FICTION SPECULATIVE-FICTION"
487,"FANTASY SCIENCE-FICTION SPECULATIVE-FICTION"
488,"CHILDREN'S-LITERATURE FICTION NOVEL YOUNG-ADULT-LITERATURE"
489,"FANTASY SCIENCE-FICTION SPECULATIVE-FICTION"
490,"NOVEL FICTION"
491,"FICTION NOVEL YOUNG-ADULT-LITERATURE"
492,"ALTERNATE-HISTORY HISTORICAL-FICTION HISTORICAL-NOVEL WAR-NOVEL"
493,"FICTION NOVEL SPECULATIVE-FICTION"
494,"FANTASY SPECULATIVE-FICTION"
495,"FICTION MYSTERY SPY-FICTION SUSPENSE THRILLER"
496,"SPY-FICTION THRILLER FICTION NOVEL"
497,"FICTION NOVEL"
498,"FICTION NOVEL"
499,"FANTASY FICTION"
500,"FANTASY SPECULATIVE-FICTION FICTION"
501,"FICTION MYSTERY SUSPENSE"
502,"SCIENCE-FICTION SPECULATIVE-FICTION"
503,"DETECTIVE-FICTION FICTION MYSTERY SUSPENSE"
504,"CHILDREN'S-LITERATURE MYSTERY YOUNG-ADULT-LITERATURE FICTION"
505,"SPY-FICTION THRILLER"
506,"SPY-FICTION THRILLER"
507,"FANTASY FICTION SPECULATIVE-FICTION"
508,"MYSTERY DETECTIVE-FICTION SUSPENSE CRIME-FICTION FICTION"
509,"NOVEL ROMANCE-NOVEL FICTION"
510,"DETECTIVE-FICTION MYSTERY YOUNG-ADULT-LITERATURE CHILDREN'S-LITERATURE"
511,"FANTASY SPECULATIVE-FICTION"
512,"CHILDREN'S-LITERATURE FICTION NOVEL"
513,"CHILDREN'S-LITERATURE DETECTIVE-FICTION FICTION MYSTERY"
514,"FICTION HISTORICAL-FICTION HISTORICAL-NOVEL NOVEL"
515,"FICTION"
516,"FANTASY SPECULATIVE-FICTION FICTION"
517,"CHILDREN'S-LITERATURE FICTION FANTASY"
518,"FANTASY SPECULATIVE-FICTION"
519,"CHILDREN'S-LITERATURE FANTASY SPECULATIVE-FICTION FICTION"
520,"CRIME-FICTION FICTION MYSTERY SUSPENSE THRILLER"
521,"NOVEL FICTION"
522,"SCIENCE-FICTION SPECULATIVE-FICTION"
523,"FICTION NOVEL ROMANCE-NOVEL HISTORICAL-FICTION"
524,"FANTASY SHORT-STORY SPECULATIVE-FICTION"
525,"FICTION NOVEL"
526,"SHORT-STORY FANTASY SPECULATIVE-FICTION"
527,"NOVEL SPECULATIVE-FICTION THRILLER"
528,"SCIENCE-FICTION SPECULATIVE-FICTION NOVEL"
529,"NOVEL SPECULATIVE-FICTION"
530,"HISTORY MYSTERY"
531,"CHILDREN'S-LITERATURE DETECTIVE-FICTION MYSTERY"
532,"CHILDREN'S-LITERATURE DETECTIVE-FICTION MYSTERY"
533,"DETECTIVE-FICTION MYSTERY CHILDREN'S-LITERATURE"
534,"CHILDREN'S-LITERATURE FICTION YOUNG-ADULT-LITERATURE"
535,"SPECULATIVE-FICTION FANTASY"
536,"FANTASY SPECULATIVE-FICTION"
537,"CHILDREN'S-LITERATURE FICTION"
538,"NOVEL FICTION"
539,"FANTASY SPECULATIVE-FICTION"
540,"FANTASY SPECULATIVE-FICTION"
541,"CHILDREN'S-LITERATURE NOVEL FICTION"
542,"CHILDREN'S-LITERATURE FICTION NOVEL YOUNG-ADULT-LITERATURE"
543,"ADVENTURE-NOVEL FANTASY SCIENCE-FICTION SPECULATIVE-FICTION"
544,"CHILDREN'S-LITERATURE"
545,"HISTORICAL-FICTION HISTORICAL-NOVEL SPECULATIVE-FICTION FICTION"
546,"SCIENCE-FICTION SPECULATIVE-FICTION"
547,"NOVEL ROMANCE-NOVEL FICTION"
548,"NOVEL SPY-FICTION THRILLER FICTION"
549,"FICTION NOVEL SPECULATIVE-FICTION"
550,"NOVEL"
551,"CHILDREN'S-LITERATURE FICTION NOVEL"
552,"FICTION MYSTERY"
553,"FANTASY SCIENCE-FICTION SPECULATIVE-FICTION"
554,"THRILLER"
555,"FICTION NOVEL"
556,"CHILDREN'S-LITERATURE FICTION NOVEL YOUNG-ADULT-LITERATURE"
557,"FICTION NOVEL"
558,"FICTION NOVEL"
559,"NOVEL FICTION SPECULATIVE-FICTION"
560,"SPECULATIVE-FICTION FANTASY"
561,"FICTION NOVEL SPECULATIVE-FICTION"
562,"CRIME-FICTION FICTION MYSTERY SUSPENSE"
563,"CHILDREN'S-LITERATURE FICTION"
564,"CRIME-FICTION MYSTERY FICTION SUSPENSE"
565,"CRIME-FICTION MYSTERY SUSPENSE THRILLER FICTION"
566,"HISTORICAL-FICTION HISTORICAL-NOVEL MYSTERY SUSPENSE FICTION"
567,"HISTORICAL-NOVEL THRILLER FICTION MYSTERY"
568,"CHILDREN'S-LITERATURE"
569,"SCIENCE-FICTION CHILDREN'S-LITERATURE FICTION SPECULATIVE-FICTION"
570,"AUTOBIOGRAPHY FICTION NOVEL MEMOIR BIOGRAPHY"
571,"CRIME-FICTION MYSTERY YOUNG-ADULT-LITERATURE FICTION"
572,"CHILDREN'S-LITERATURE FANTASY SPECULATIVE-FICTION"
573,"CHILDREN'S-LITERATURE YOUNG-ADULT-LITERATURE FICTION"
574,"HISTORY NON-FICTION"
575,"CHILDREN'S-LITERATURE FICTION"
576,"CHILDREN'S-LITERATURE FICTION NOVEL YOUNG-ADULT-LITERATURE"
577,"FICTION NOVEL YOUNG-ADULT-LITERATURE"
578,"CHILDREN'S-LITERATURE FICTION NOVEL YOUNG-ADULT-LITERATURE"
579,"CHILDREN'S-LITERATURE FICTION YOUNG-ADULT-LITERATURE"
580,"FANTASY FICTION HORROR SPECULATIVE-FICTION SCIENCE-FICTION"
581,"FICTION NOVEL"
582,"NOVEL FICTION"
583,"FICTION MYSTERY NOVEL"
584,"CHILDREN'S-LITERATURE FICTION SPECULATIVE-FICTION"
585,"MYSTERY SUSPENSE FICTION NOVEL"
586,"FANTASY SPECULATIVE-FICTION"
587,"CHILDREN'S-LITERATURE FICTION NOVEL YOUNG-ADULT-LITERATURE"
588,"CRIME-FICTION FICTION MYSTERY SUSPENSE THRILLER"
589,"CHILDREN'S-LITERATURE NOVEL ROMANCE-NOVEL YOUNG-ADULT-LITERATURE FICTION"
590,"FICTION NOVEL"
591,"CHILDREN'S-LITERATURE FICTION NOVEL YOUNG-ADULT-LITERATURE"
592,"CRIME-FICTION FICTION NOVEL THRILLER"
593,"FANTASY SCIENCE-FICTION SPECULATIVE-FICTION"
594,"CRIME-FICTION FICTION NOVEL"
595,"FANTASY SPECULATIVE-FICTION"
596,"SCIENCE-FICTION SPECULATIVE-FICTION FANTASY"
597,"FICTION NOVEL"
598,"CHILDREN'S-LITERATURE FANTASY"
599,"FANTASY SPECULATIVE-FICTION"
600,"CHILDREN'S-LITERATURE FANTASY SPECULATIVE-FICTION"
601,"CHILDREN'S-LITERATURE FICTION MYSTERY YOUNG-ADULT-LITERATURE"
602,"FANTASY SPECULATIVE-FICTION"
603,"FANTASY SCIENCE-FICTION SPECULATIVE-FICTION"
604,"SCIENCE-FICTION SPECULATIVE-FICTION"
605,"SCIENCE-FICTION SPECULATIVE-FICTION"
606,"DETECTIVE-FICTION MYSTERY"
607,"DETECTIVE-FICTION MYSTERY"
608,"DETECTIVE-FICTION MYSTERY"
609,"FICTION NOVEL SPECULATIVE-FICTION"
610,"FANTASY SPECULATIVE-FICTION FICTION"
611,"FICTION SCIENCE-FICTION SPECULATIVE-FICTION"
612,"SCIENCE-FICTION SPECULATIVE-FICTION"
613,"CHILDREN'S-LITERATURE FICTION NOVEL"
614,"FICTION THRILLER"
615,"CRIME-FICTION MYSTERY NOVEL SUSPENSE THRILLER FICTION"
616,"FANTASY SCIENCE-FICTION SPECULATIVE-FICTION"
617,"CHILDREN'S-LITERATURE FANTASY SPECULATIVE-FICTION"
618,"FANTASY SPECULATIVE-FICTION FICTION"
619,"FICTION NOVEL"
620,"NOVEL HISTORICAL-NOVEL NON-FICTION"
621,"SCIENCE-FICTION SPECULATIVE-FICTION"
622,"FICTION NOVEL"
623,"FICTION NOVEL ROMANCE-NOVEL"
624,"SCIENCE-FICTION SPECULATIVE-FICTION"
625,"HISTORICAL-NOVEL HISTORY NOVEL"
626,"CHILDREN'S-LITERATURE FICTION NOVEL"
627,"FICTION NOVEL"
628,"CHILDREN'S-LITERATURE FANTASY SPECULATIVE-FICTION FICTION"
629,"FICTION HISTORICAL-NOVEL SPECULATIVE-FICTION ROMANCE-NOVEL"
630,"ADVENTURE-NOVEL FANTASY FICTION SPECULATIVE-FICTION"
631,"ADVENTURE-NOVEL SPECULATIVE-FICTION FANTASY"
632,"ADVENTURE-NOVEL SPECULATIVE-FICTION SCIENCE-FICTION"
633,"ADVENTURE-NOVEL FICTION SPECULATIVE-FICTION FANTASY"
634,"CHILDREN'S-LITERATURE FANTASY FICTION SPECULATIVE-FICTION"
635,"CRIME-FICTION FICTION MYSTERY NOVEL SUSPENSE"
636,"FANTASY SPECULATIVE-FICTION SCIENCE-FICTION FICTION"
637,"ROMANCE-NOVEL NOVEL FICTION"
638,"CRIME-FICTION DETECTIVE-FICTION MYSTERY SUSPENSE FICTION"
639,"CRIME-FICTION MYSTERY THRILLER FICTION"
640,"NOVEL FICTION"
641,"CRIME-FICTION THRILLER FICTION"
642,"CRIME-FICTION FICTION MYSTERY NOVEL SUSPENSE"
643,"CHILDREN'S-LITERATURE FICTION"
644,"FICTION NOVEL YOUNG-ADULT-LITERATURE"
645,"CHILDREN'S-LITERATURE FICTION YOUNG-ADULT-LITERATURE"
646,"CHILDREN'S-LITERATURE YOUNG-ADULT-LITERATURE SPECULATIVE-FICTION"
647,"FICTION NOVEL"
648,"CHILDREN'S-LITERATURE FICTION NOVEL"
649,"HISTORICAL-NOVEL"
650,"SCIENCE-FICTION THRILLER SPECULATIVE-FICTION"
651,"NOVEL ROMANCE-NOVEL FICTION"
652,"CRIME-FICTION FICTION MYSTERY SUSPENSE THRILLER"
653,"AUTOBIOGRAPHY NOVEL YOUNG-ADULT-LITERATURE"
654,"CRIME-FICTION FICTION HISTORICAL-FICTION MYSTERY SUSPENSE"
655,"HISTORICAL-FICTION HISTORICAL-NOVEL NOVEL FICTION"
656,"FANTASY SPECULATIVE-FICTION SCIENCE-FICTION FICTION NOVEL"
657,"CRIME-FICTION FICTION SUSPENSE THRILLER MYSTERY"
658,"FICTION NOVEL SCIENCE-FICTION SPECULATIVE-FICTION"
659,"FICTION NOVEL"
660,"FICTION NOVEL"
661,"DETECTIVE-FICTION FICTION MYSTERY SUSPENSE"
662,"NOVEL ROMANCE-NOVEL FICTION"
663,""
664,"AUTOBIOGRAPHY NON-FICTION"
665,"FICTION NOVEL"
666,"NOVEL FICTION"
667,"CHILDREN'S-LITERATURE SPECULATIVE-FICTION"
668,"CHILDREN'S-LITERATURE FANTASY SPECULATIVE-FICTION"
669,"FICTION MYSTERY NOVEL SUSPENSE"
670,"NOVEL ROMANCE-NOVEL FICTION"
671,"CHILDREN'S-LITERATURE FICTION NOVEL"
672,"SCIENCE-FICTION SPECULATIVE-FICTION"
673,"CHILDREN'S-LITERATURE FICTION NOVEL YOUNG-ADULT-LITERATURE"
674,"FANTASY SPECULATIVE-FICTION FICTION"
675,"CHILDREN'S-LITERATURE FICTION YOUNG-ADULT-LITERATURE"
676,"THRILLER"
677,"SPY-FICTION ADVENTURE-NOVEL"
678,"FANTASY SCIENCE-FICTION SPECULATIVE-FICTION"
679,"SCIENCE-FICTION SPECULATIVE-FICTION"
680,"CHILDREN'S-LITERATURE MYSTERY FICTION"
681,"FICTION HISTORICAL-FICTION HISTORICAL-NOVEL"
682,"CRIME-FICTION FICTION MYSTERY SUSPENSE"
683,"CHILDREN'S-LITERATURE MYSTERY YOUNG-ADULT-LITERATURE"
684,"FICTION MYSTERY SCIENCE-FICTION SPECULATIVE-FICTION"
685,"FANTASY SCIENCE-FICTION SPECULATIVE-FICTION"
686,"FICTION NOVEL"
687,"FICTION NON-FICTION NOVEL"
688,"FANTASY CHILDREN'S-LITERATURE SPECULATIVE-FICTION FICTION"
689,"FANTASY SCIENCE-FICTION SPECULATIVE-FICTION"
690,"CHILDREN'S-LITERATURE FANTASY SPECULATIVE-FICTION YOUNG-ADULT-LITERATURE ADVENTURE-NOVEL"
691,"CHILDREN'S-LITERATURE YOUNG-ADULT-LITERATURE FICTION NOVEL"
692,"CHILDREN'S-LITERATURE FICTION YOUNG-ADULT-LITERATURE"
693,"CHILDREN'S-LITERATURE FANTASY SPECULATIVE-FICTION"
694,"FICTION NOVEL ROMANCE-NOVEL"
695,"FICTION NOVEL YOUNG-ADULT-LITERATURE"
696,"CHILDREN'S-LITERATURE FANTASY SPECULATIVE-FICTION HORROR FICTION"
697,"NOVEL FICTION"
698,"CHILDREN'S-LITERATURE FANTASY FICTION SPECULATIVE-FICTION"
699,"SCIENCE-FICTION SPECULATIVE-FICTION"
700,"NON-FICTION SPECULATIVE-FICTION"
701,"NON-FICTION SCIENCE-FICTION SPECULATIVE-FICTION"
702,"NOVEL FICTION SPECULATIVE-FICTION"
703,"FICTION NOVEL"
704,"FANTASY FICTION SPECULATIVE-FICTION SCIENCE-FICTION"
705,"CHILDREN'S-LITERATURE FANTASY SPECULATIVE-FICTION"
706,"CHILDREN'S-LITERATURE FICTION YOUNG-ADULT-LITERATURE FANTASY SPECULATIVE-FICTION"
707,"SCIENCE-FICTION SPECULATIVE-FICTION CHILDREN'S-LITERATURE FICTION"
708,"FICTION FANTASY SPECULATIVE-FICTION"
709,"NOVEL FICTION"
710,"FICTION NOVEL"
711,"CHILDREN'S-LITERATURE FANTASY SPECULATIVE-FICTION"
712,"CHILDREN'S-LITERATURE FICTION"
713,"FICTION NOVEL HISTORICAL-NOVEL"
714,"CHILDREN'S-LITERATURE FICTION"
715,"ADVENTURE-NOVEL HISTORICAL-NOVEL"
716,""
717,"SCIENCE-FICTION SPECULATIVE-FICTION"
718,"CRIME-FICTION FICTION MYSTERY NOVEL SUSPENSE THRILLER"
719,"FICTION SPECULATIVE-FICTION"
720,"CHILDREN'S-LITERATURE FANTASY FICTION MYSTERY SUSPENSE SPECULATIVE-FICTION"
721,"SPECULATIVE-FICTION FANTASY"
722,"FICTION YOUNG-ADULT-LITERATURE CHILDREN'S-LITERATURE"
723,"MYSTERY SUSPENSE CRIME-FICTION FICTION"
724,"SCIENCE-FICTION SPECULATIVE-FICTION"
725,"SCIENCE-FICTION SPECULATIVE-FICTION"
726,"SCIENCE-FICTION SPECULATIVE-FICTION"
727,"CHILDREN'S-LITERATURE FANTASY SPECULATIVE-FICTION"
728,"FICTION NOVEL SPECULATIVE-FICTION"
729,"SCIENCE-FICTION SPECULATIVE-FICTION"
730,"SCIENCE-FICTION SPECULATIVE-FICTION"
731,"MYSTERY CRIME-FICTION DETECTIVE-FICTION FICTION SUSPENSE"
732,"SCIENCE-FICTION SPECULATIVE-FICTION"
733,"MYSTERY SUSPENSE CRIME-FICTION DETECTIVE-FICTION FICTION"
734,"FANTASY FICTION SPECULATIVE-FICTION NOVEL"
735,"MYSTERY CRIME-FICTION DETECTIVE-FICTION FICTION SUSPENSE"
736,"FICTION NOVEL"
737,"CRIME-FICTION FICTION MYSTERY NOVEL SUSPENSE"
738,"CHILDREN'S-LITERATURE FANTASY SPECULATIVE-FICTION"
739,"CRIME-FICTION MYSTERY FICTION SUSPENSE"
740,"CRIME-FICTION MYSTERY SUSPENSE DETECTIVE-FICTION FICTION"
741,"HISTORICAL-FICTION HISTORICAL-NOVEL"
742,"CRIME-FICTION MYSTERY FICTION SUSPENSE"
743,"FICTION NOVEL"
744,"FICTION NOVEL"
745,"CHILDREN'S-LITERATURE ROMANCE-NOVEL SPECULATIVE-FICTION"
746,"FANTASY SPECULATIVE-FICTION FICTION"
747,"FICTION THRILLER MYSTERY"
748,"CHILDREN'S-LITERATURE YOUNG-ADULT-LITERATURE FICTION"
749,"FANTASY SPECULATIVE-FICTION SCIENCE-FICTION"
750,"MYSTERY CRIME-FICTION FICTION SUSPENSE"
751,"DETECTIVE-FICTION FICTION MYSTERY CHILDREN'S-LITERATURE"
752,"FICTION MYSTERY NOVEL"
753,"FICTION NOVEL"
754,"NOVEL FANTASY SPECULATIVE-FICTION FICTION"
755,"CRIME-FICTION MYSTERY FICTION"
756,"CHILDREN'S-LITERATURE DETECTIVE-FICTION MYSTERY"
757,"FANTASY ALTERNATE-HISTORY HISTORICAL-NOVEL SCIENCE-FICTION SPECULATIVE-FICTION"
758,"MYSTERY CRIME-FICTION FICTION NOVEL SUSPENSE"
759,"NOVEL SPECULATIVE-FICTION FICTION"
760,"HORROR NOVEL FICTION"
761,"CHILDREN'S-LITERATURE FANTASY FICTION"
762,"NOVEL CHILDREN'S-LITERATURE FICTION"
763,"CHILDREN'S-LITERATURE NOVEL FICTION SPECULATIVE-FICTION"
764,"SCIENCE-FICTION SPECULATIVE-FICTION"
765,"NOVEL FICTION"
766,"NOVEL"
767,"FICTION MYSTERY NOVEL SUSPENSE THRILLER"
768,"CHILDREN'S-LITERATURE NOVEL FICTION"
769,"FANTASY FICTION SCIENCE-FICTION SPECULATIVE-FICTION"
770,"FICTION NOVEL"
771,"CHILDREN'S-LITERATURE NOVEL YOUNG-ADULT-LITERATURE FICTION"
772,"CHILDREN'S-LITERATURE FANTASY SCIENCE-FICTION SPECULATIVE-FICTION"
773,"FANTASY SCIENCE-FICTION SPECULATIVE-FICTION"
774,"FANTASY CHILDREN'S-LITERATURE FICTION SPECULATIVE-FICTION"
775,"MYSTERY FICTION YOUNG-ADULT-LITERATURE CHILDREN'S-LITERATURE"
776,"SCIENCE-FICTION SPECULATIVE-FICTION"
777,"FANTASY SPECULATIVE-FICTION"
778,"SPECULATIVE-FICTION SCIENCE-FICTION"
779,"CHILDREN'S-LITERATURE YOUNG-ADULT-LITERATURE FICTION"
780,"FICTION SCIENCE-FICTION SPECULATIVE-FICTION"
781,"CHILDREN'S-LITERATURE YOUNG-ADULT-LITERATURE"
782,"FICTION NOVEL"
783,"SCIENCE-FICTION SPECULATIVE-FICTION"
784,"FICTION NOVEL"
785,"CRIME-FICTION FICTION MYSTERY SUSPENSE"
786,"CHILDREN'S-LITERATURE FICTION YOUNG-ADULT-LITERATURE"
787,"CHILDREN'S-LITERATURE YOUNG-ADULT-LITERATURE FICTION"
788,"MYSTERY CRIME-FICTION FICTION SUSPENSE DETECTIVE-FICTION"
789,"SPY-FICTION THRILLER"
790,"FANTASY FICTION SCIENCE-FICTION SPECULATIVE-FICTION"
791,"SCIENCE-FICTION SPECULATIVE-FICTION FANTASY"
792,"NOVEL FICTION"
793,"FICTION NOVEL THRILLER"
794,"MYSTERY NOVEL SUSPENSE THRILLER FICTION"
795,"CRIME-FICTION FICTION MYSTERY SUSPENSE"
796,"CRIME-FICTION FICTION MYSTERY SUSPENSE THRILLER"
797,"CHILDREN'S-LITERATURE FANTASY FICTION HISTORICAL-NOVEL SPECULATIVE-FICTION"
798,"SPECULATIVE-FICTION FANTASY"
799,"CRIME-FICTION SUSPENSE THRILLER FICTION"
800,"FICTION SPECULATIVE-FICTION HORROR"
801,"CRIME-FICTION DETECTIVE-FICTION FICTION MYSTERY SUSPENSE"
802,"CHILDREN'S-LITERATURE FICTION YOUNG-ADULT-LITERATURE"
803,"DETECTIVE-FICTION MYSTERY SUSPENSE"
804,"CRIME-FICTION DETECTIVE-FICTION FICTION MYSTERY"
805,"DETECTIVE-FICTION MYSTERY"
806,"DETECTIVE-FICTION MYSTERY"
807,"MYSTERY FICTION SUSPENSE DETECTIVE-FICTION"
808,"FICTION MYSTERY SUSPENSE DETECTIVE-FICTION"
809,"FICTION MYSTERY NOVEL SUSPENSE CRIME-FICTION"
810,"CRIME-FICTION MYSTERY DETECTIVE-FICTION FICTION SUSPENSE"
811,"FICTION NOVEL"
812,"CRIME-FICTION MYSTERY SUSPENSE FICTION THRILLER"
813,"DETECTIVE-FICTION FICTION MYSTERY SUSPENSE"
814,"HORROR FANTASY SPECULATIVE-FICTION FICTION"
815,"FANTASY FICTION HORROR MYSTERY ROMANCE-NOVEL SPECULATIVE-FICTION"
816,"FANTASY SPECULATIVE-FICTION"
817,"CRIME-FICTION DETECTIVE-FICTION HISTORICAL-NOVEL MYSTERY SUSPENSE FICTION"
818,"SCIENCE-FICTION ALTERNATE-HISTORY SPECULATIVE-FICTION"
819,"FICTION MYSTERY SUSPENSE CRIME-FICTION"
820,"SCIENCE-FICTION SPECULATIVE-FICTION"
821,"FICTION HISTORICAL-FICTION HISTORY NOVEL"
822,"HISTORICAL-NOVEL NOVEL"
823,"CHILDREN'S-LITERATURE FICTION NOVEL"
824,"FANTASY FICTION HISTORICAL-NOVEL NOVEL ROMANCE-NOVEL SPECULATIVE-FICTION"
825,"CHILDREN'S-LITERATURE FICTION YOUNG-ADULT-LITERATURE"
826,"SCIENCE-FICTION SPECULATIVE-FICTION"
827,"FICTION NOVEL"
828,"SCIENCE-FICTION SPECULATIVE-FICTION"
829,"NOVEL FICTION"
830,"CHILDREN'S-LITERATURE FANTASY SPECULATIVE-FICTION"
831,"CHILDREN'S-LITERATURE FANTASY FICTION SPECULATIVE-FICTION"
832,"CHILDREN'S-LITERATURE SCIENCE-FICTION SPECULATIVE-FICTION"
833,"CHILDREN'S-LITERATURE SCIENCE-FICTION SPECULATIVE-FICTION FANTASY"
834,"CHILDREN'S-LITERATURE SCIENCE-FICTION SPECULATIVE-FICTION"
835,"CHILDREN'S-LITERATURE FICTION MYSTERY YOUNG-ADULT-LITERATURE"
836,"MYSTERY SUSPENSE CRIME-FICTION FICTION"
837,"AUTOBIOGRAPHY NOVEL"
838,"FANTASY SPECULATIVE-FICTION SCIENCE-FICTION"
839,"SCIENCE-FICTION SPECULATIVE-FICTION"
840,"FICTION NOVEL MYSTERY"
841,"MYSTERY CRIME-FICTION DETECTIVE-FICTION FICTION SUSPENSE THRILLER"
842,"CHILDREN'S-LITERATURE FICTION"
843,"CRIME-FICTION FICTION MYSTERY NOVEL SUSPENSE"
844,"CRIME-FICTION FICTION NOVEL SUSPENSE"
845,"FICTION NOVEL"
846,"FANTASY HISTORICAL-NOVEL SPECULATIVE-FICTION"
847,"CHILDREN'S-LITERATURE FICTION NOVEL ROMANCE-NOVEL"
848,"FANTASY"
849,"CHILDREN'S-LITERATURE FICTION NOVEL"
850,"FICTION HORROR SPECULATIVE-FICTION"
851,"FICTION FANTASY SPECULATIVE-FICTION"
852,"FICTION HISTORICAL-FICTION HISTORICAL-NOVEL NOVEL ROMANCE-NOVEL"
853,"THRILLER FICTION"
854,"FICTION NOVEL"
855,"SCIENCE-FICTION SPECULATIVE-FICTION"
856,"NOVEL FICTION"
857,"ALTERNATE-HISTORY SCIENCE-FICTION SPECULATIVE-FICTION"
858,"FANTASY SPECULATIVE-FICTION"
859,"FICTION AUTOBIOGRAPHY"
860,"SCIENCE-FICTION FANTASY SPECULATIVE-FICTION"
861,"MYSTERY CRIME-FICTION DETECTIVE-FICTION FICTION SUSPENSE"
862,"FICTION MYSTERY SUSPENSE CRIME-FICTION"
863,"CHILDREN'S-LITERATURE HISTORICAL-NOVEL FICTION SPECULATIVE-FICTION"
864,"ALTERNATE-HISTORY SCIENCE-FICTION SPECULATIVE-FICTION SPY-FICTION THRILLER"
865,"FICTION MYSTERY NOVEL"
866,"FICTION SPECULATIVE-FICTION CHILDREN'S-LITERATURE"
867,"FICTION NOVEL"
868,"MYSTERY DETECTIVE-FICTION CRIME-FICTION SUSPENSE FICTION"
869,"DETECTIVE-FICTION FICTION MYSTERY"
870,"CRIME-FICTION DETECTIVE-FICTION MYSTERY FICTION"
871,"FICTION"
872,"CRIME-FICTION FICTION MYSTERY SUSPENSE DETECTIVE-FICTION"
873,"SCIENCE-FICTION SPECULATIVE-FICTION"
874,"CHILDREN'S-LITERATURE FANTASY SPECULATIVE-FICTION"
875,"MYSTERY NOVEL FICTION"
876,"FANTASY HISTORICAL-FICTION HISTORICAL-NOVEL SPECULATIVE-FICTION"
877,"FANTASY SPECULATIVE-FICTION CHILDREN'S-LITERATURE"
878,"SCIENCE-FICTION SPECULATIVE-FICTION"
879,"SCIENCE-FICTION SPECULATIVE-FICTION"
880,"CRIME-FICTION FICTION MYSTERY THRILLER NOVEL"
881,"FICTION NOVEL"
882,"FANTASY SPECULATIVE-FICTION"
883,"HORROR MYSTERY SPECULATIVE-FICTION FICTION"
884,"MYSTERY CHILDREN'S-LITERATURE DETECTIVE-FICTION FICTION"
885,"FICTION NOVEL"
886,"HISTORICAL-FICTION NOVEL ROMANCE-NOVEL FICTION"
887,"CHILDREN'S-LITERATURE THRILLER MYSTERY FICTION"
888,"MYSTERY CRIME-FICTION NOVEL SUSPENSE THRILLER FICTION"
889,"FICTION NOVEL ROMANCE-NOVEL"
890,"FICTION MYSTERY NOVEL SUSPENSE CRIME-FICTION"
891,"FICTION MYSTERY NOVEL SUSPENSE CRIME-FICTION"
892,"CHILDREN'S-LITERATURE YOUNG-ADULT-LITERATURE FICTION SCIENCE-FICTION SPECULATIVE-FICTION"
893,"FICTION NOVEL SPECULATIVE-FICTION"
894,"SUSPENSE CRIME-FICTION FICTION MYSTERY THRILLER"
895,"FICTION CHILDREN'S-LITERATURE"
896,"NOVEL"
897,"CHILDREN'S-LITERATURE FICTION NOVEL"
898,"NON-FICTION NOVEL"
899,"FICTION NOVEL SPECULATIVE-FICTION HISTORICAL-FICTION HISTORICAL-NOVEL"
900,"FANTASY SPECULATIVE-FICTION"
901,"AUTOBIOGRAPHY FICTION NON-FICTION NOVEL"
902,"SCIENCE-FICTION SPECULATIVE-FICTION"
903,"CRIME-FICTION MYSTERY SUSPENSE THRILLER FICTION"
904,"SCIENCE-FICTION SPECULATIVE-FICTION"
905,"SCIENCE-FICTION FANTASY SPECULATIVE-FICTION"
906,"SCIENCE-FICTION SPECULATIVE-FICTION"
907,"FANTASY HISTORICAL-FICTION HISTORICAL-NOVEL NOVEL SPECULATIVE-FICTION FICTION"
908,"SCIENCE-FICTION SPECULATIVE-FICTION"
909,"FICTION HISTORICAL-FICTION HISTORICAL-NOVEL NOVEL ROMANCE-NOVEL"
910,"FANTASY SPECULATIVE-FICTION"
911,"CHILDREN'S-LITERATURE FICTION YOUNG-ADULT-LITERATURE"
912,"CHILDREN'S-LITERATURE FANTASY SPECULATIVE-FICTION"
913,"SCIENCE-FICTION SPECULATIVE-FICTION FANTASY FICTION"
914,"CHILDREN'S-LITERATURE FANTASY SPECULATIVE-FICTION"
915,"FICTION NOVEL SPECULATIVE-FICTION"
916,"ADVENTURE-NOVEL YOUNG-ADULT-LITERATURE"
917,"FICTION NOVEL ROMANCE-NOVEL"
918,"CHILDREN'S-LITERATURE FICTION NOVEL YOUNG-ADULT-LITERATURE"
919,"CHILDREN'S-LITERATURE FICTION NOVEL YOUNG-ADULT-LITERATURE"
920,"ADVENTURE-NOVEL YOUNG-ADULT-LITERATURE CHILDREN'S-LITERATURE"
921,"CRIME-FICTION FICTION MYSTERY NOVEL"
922,"CRIME-FICTION MYSTERY SUSPENSE FICTION"
923,"NOVEL YOUNG-ADULT-LITERATURE FICTION"
924,"CHILDREN'S-LITERATURE FICTION YOUNG-ADULT-LITERATURE"
925,"FICTION NOVEL ROMANCE-NOVEL"
926,"FANTASY SPECULATIVE-FICTION FICTION"
927,"FICTION SPECULATIVE-FICTION"
928,"CHILDREN'S-LITERATURE CRIME-FICTION FICTION YOUNG-ADULT-LITERATURE MYSTERY DETECTIVE-FICTION"
929,"CRIME-FICTION FICTION MYSTERY HORROR SUSPENSE SPECULATIVE-FICTION"
930,"SCIENCE-FICTION SPECULATIVE-FICTION"
931,"SCIENCE-FICTION SPECULATIVE-FICTION NOVEL"
932,"FICTION NOVEL SPECULATIVE-FICTION"
933,"FICTION MYSTERY CRIME-FICTION SUSPENSE"
934,"FANTASY SPECULATIVE-FICTION"
935,"CHILDREN'S-LITERATURE FANTASY FICTION SPECULATIVE-FICTION"
936,"FANTASY CHILDREN'S-LITERATURE FICTION NOVEL SPECULATIVE-FICTION"
937,"FICTION NOVEL"
938,"FANTASY FICTION"
939,"CHILDREN'S-LITERATURE"
940,"CHILDREN'S-LITERATURE FANTASY"
941,"FICTION"
942,"SPECULATIVE-FICTION SCIENCE-FICTION"
943,"CHILDREN'S-LITERATURE FICTION"
944,"NOVEL ROMANCE-NOVEL FICTION"
945,"FICTION NOVEL ROMANCE-NOVEL"
946,"FICTION NOVEL"
947,"CHILDREN'S-LITERATURE NOVEL YOUNG-ADULT-LITERATURE"
948,"FANTASY SPECULATIVE-FICTION FICTION CHILDREN'S-LITERATURE"
949,"FANTASY SPECULATIVE-FICTION"
950,"FANTASY SCIENCE-FICTION SPECULATIVE-FICTION"
951,"NOVEL"
952,"FANTASY FICTION SPECULATIVE-FICTION"
953,"ADVENTURE-NOVEL YOUNG-ADULT-LITERATURE"
954,"CRIME-FICTION FICTION MYSTERY SUSPENSE"
955,"SPECULATIVE-FICTION FICTION NOVEL"
956,"FICTION"
957,"MYSTERY CRIME-FICTION DETECTIVE-FICTION FICTION SUSPENSE"
958,"SUSPENSE THRILLER FICTION MYSTERY"
959,"SCIENCE-FICTION SPECULATIVE-FICTION ALTERNATE-HISTORY"
960,"NOVEL FICTION"
961,"FICTION NOVEL"
962,"CHILDREN'S-LITERATURE FICTION"
963,"FANTASY FICTION SPECULATIVE-FICTION"
964,"CHILDREN'S-LITERATURE FICTION YOUNG-ADULT-LITERATURE"
965,"ADVENTURE-NOVEL FANTASY SPECULATIVE-FICTION FICTION"
966,"FICTION NOVEL"
967,"SCIENCE-FICTION SPECULATIVE-FICTION"
968,"FICTION NOVEL"
969,"NON-FICTION SCIENCE-FICTION SPECULATIVE-FICTION"
970,"CHILDREN'S-LITERATURE FICTION NOVEL YOUNG-ADULT-LITERATURE"
971,"FANTASY FICTION"
972,"SCIENCE-FICTION SPECULATIVE-FICTION"
973,"SCIENCE-FICTION SPECULATIVE-FICTION"
974,"SCIENCE-FICTION SPECULATIVE-FICTION"
975,"SCIENCE-FICTION SPECULATIVE-FICTION"
976,"SCIENCE-FICTION SPECULATIVE-FICTION"
977,"SCIENCE-FICTION SPECULATIVE-FICTION"
978,"SCIENCE-FICTION SPECULATIVE-FICTION"
979,"SCIENCE-FICTION SPECULATIVE-FICTION"
980,"SCIENCE-FICTION SPECULATIVE-FICTION"
981,"FANTASY SPECULATIVE-FICTION"
982,"HISTORICAL-NOVEL FICTION"
983,"MYSTERY"
984,"CRIME-FICTION MYSTERY SUSPENSE THRILLER FICTION"
985,"SCIENCE-FICTION SPECULATIVE-FICTION"
986,"CRIME-FICTION MYSTERY SUSPENSE DETECTIVE-FICTION FICTION"
987,"CRIME-FICTION DETECTIVE-FICTION MYSTERY NOVEL SUSPENSE FICTION"
988,"CHILDREN'S-LITERATURE FICTION"
989,"NOVEL FICTION"
990,"CRIME-FICTION MYSTERY FICTION"
991,"NOVEL FICTION"
992,"SCIENCE-FICTION SPECULATIVE-FICTION"
993,"FICTION HISTORICAL-FICTION NOVEL ROMANCE-NOVEL"
994,"CRIME-FICTION FICTION MYSTERY NOVEL SUSPENSE"
995,"CRIME-FICTION MYSTERY DETECTIVE-FICTION FICTION SUSPENSE THRILLER"
996,"CHILDREN'S-LITERATURE"
997,"FICTION MYSTERY"
998,"CHILDREN'S-LITERATURE FICTION YOUNG-ADULT-LITERATURE"
999,"CHILDREN'S-LITERATURE FICTION"
1000,"SCIENCE-FICTION SPY-FICTION THRILLER SPECULATIVE-FICTION"
1001,"FICTION NOVEL"
1002,"CHILDREN'S-LITERATURE HISTORICAL-FICTION HISTORICAL-NOVEL"
1003,"FICTION NOVEL"
1004,"FICTION NOVEL"
1005,"SCIENCE-FICTION CHILDREN'S-LITERATURE SPECULATIVE-FICTION"
1006,"CHILDREN'S-LITERATURE FICTION YOUNG-ADULT-LITERATURE SPECULATIVE-FICTION"
1007,"CHILDREN'S-LITERATURE NOVEL FICTION"
1008,"CHILDREN'S-LITERATURE FICTION YOUNG-ADULT-LITERATURE"
1009,"HISTORICAL-NOVEL NON-FICTION"
1010,"FICTION NOVEL"
1011,"NOVEL FICTION"
1012,"CHILDREN'S-LITERATURE YOUNG-ADULT-LITERATURE"
1013,"FICTION SPECULATIVE-FICTION NOVEL"
1014,"CHILDREN'S-LITERATURE HORROR FANTASY SPECULATIVE-FICTION"
1015,"CRIME-FICTION FICTION MYSTERY NOVEL SUSPENSE"
1016,"FICTION NOVEL"
1017,"NOVEL SPECULATIVE-FICTION"
1018,"CHILDREN'S-LITERATURE SCIENCE-FICTION YOUNG-ADULT-LITERATURE ADVENTURE-NOVEL"
1019,""
1020,"CHILDREN'S-LITERATURE FICTION YOUNG-ADULT-LITERATURE"
1021,"CHILDREN'S-LITERATURE FICTION YOUNG-ADULT-LITERATURE"
1022,"CHILDREN'S-LITERATURE FICTION NOVEL YOUNG-ADULT-LITERATURE"
1023,"FANTASY SPECULATIVE-FICTION CHILDREN'S-LITERATURE FICTION"
1024,"NOVEL SCIENCE-FICTION SPECULATIVE-FICTION"
1025,"HISTORICAL-NOVEL HISTORICAL-FICTION"
1026,"CRIME-FICTION FICTION MYSTERY SUSPENSE"
1027,"CHILDREN'S-LITERATURE FANTASY"
1028,"HISTORICAL-NOVEL NOVEL"
1029,"CHILDREN'S-LITERATURE FANTASY SPECULATIVE-FICTION"
1030,"CHILDREN'S-LITERATURE FICTION"
1031,"MYSTERY FICTION"
1032,"FICTION YOUNG-ADULT-LITERATURE CHILDREN'S-LITERATURE"
1033,"FICTION SCIENCE-FICTION SPECULATIVE-FICTION NOVEL"
1034,"SCIENCE-FICTION SPECULATIVE-FICTION"
1035,"FICTION NOVEL"
1036,"SCIENCE-FICTION SPECULATIVE-FICTION"
1037,"NOVEL"
1038,"SCIENCE-FICTION SPECULATIVE-FICTION"
1039,"FICTION NOVEL"
1040,"NOVEL FICTION"
1041,"CHILDREN'S-LITERATURE FICTION"
1042,"CRIME-FICTION DETECTIVE-FICTION MYSTERY SUSPENSE FICTION"
1043,"SCIENCE-FICTION SPECULATIVE-FICTION FICTION"
1044,"FICTION SPECULATIVE-FICTION HISTORICAL-FICTION HISTORICAL-NOVEL ROMANCE-NOVEL NOVEL"
1045,"CRIME-FICTION MYSTERY SUSPENSE THRILLER"
1046,"CHILDREN'S-LITERATURE FICTION"
1047,"FICTION NOVEL"
1048,"FANTASY HISTORICAL-FICTION HISTORICAL-NOVEL SPECULATIVE-FICTION"
1049,"FANTASY SCIENCE-FICTION SPECULATIVE-FICTION"
1050,"SCIENCE-FICTION THRILLER SPECULATIVE-FICTION"
1051,"FICTION NOVEL"
1052,"HISTORICAL-NOVEL NOVEL FICTION"
1053,"CHILDREN'S-LITERATURE DETECTIVE-FICTION MYSTERY YOUNG-ADULT-LITERATURE FICTION"
1054,"MYSTERY CRIME-FICTION FICTION NOVEL SUSPENSE"
1055,"FICTION NOVEL"
1056,"SPECULATIVE-FICTION FICTION"
1057,"HISTORICAL-FICTION HISTORICAL-NOVEL SCIENCE-FICTION THRILLER SPECULATIVE-FICTION"
1058,"SCIENCE-FICTION SPECULATIVE-FICTION"
1059,"FICTION NOVEL"
1060,"FANTASY CHILDREN'S-LITERATURE SPECULATIVE-FICTION"
1061,"CHILDREN'S-LITERATURE FICTION NOVEL YOUNG-ADULT-LITERATURE"
1062,"CRIME-FICTION FICTION MYSTERY SUSPENSE"
1063,"FICTION MYSTERY CRIME-FICTION SUSPENSE"
1064,"NOVEL SCIENCE-FICTION SPECULATIVE-FICTION FICTION"
1065,"FICTION HISTORICAL-FICTION HISTORICAL-NOVEL NOVEL"
1066,"FANTASY CHILDREN'S-LITERATURE SPECULATIVE-FICTION"
1067,"SCIENCE-FICTION SPECULATIVE-FICTION"
1068,"SCIENCE-FICTION SPECULATIVE-FICTION"
1069,"SPECULATIVE-FICTION CHILDREN'S-LITERATURE FANTASY"
1070,"SCIENCE-FICTION SPECULATIVE-FICTION"
1071,"CHILDREN'S-LITERATURE FICTION YOUNG-ADULT-LITERATURE NOVEL"
1072,"SCIENCE-FICTION SPECULATIVE-FICTION THRILLER NOVEL"
1073,"ALTERNATE-HISTORY HISTORICAL-FICTION HISTORICAL-NOVEL SCIENCE-FICTION SPECULATIVE-FICTION"
1074,"FICTION NOVEL YOUNG-ADULT-LITERATURE CHILDREN'S-LITERATURE"
1075,"CHILDREN'S-LITERATURE DETECTIVE-FICTION MYSTERY"
1076,"FICTION NOVEL ROMANCE-NOVEL"
1077,"FICTION NOVEL"
1078,"CHILDREN'S-LITERATURE THRILLER SCIENCE-FICTION SPECULATIVE-FICTION"
1079,"FICTION NOVEL CHILDREN'S-LITERATURE"
1080,"CRIME-FICTION THRILLER FICTION MYSTERY NOVEL"
1081,"FICTION MYSTERY NOVEL"
1082,"NOVEL SCIENCE-FICTION SPECULATIVE-FICTION"
1083,"FICTION NOVEL"
1084,"SCIENCE-FICTION SPECULATIVE-FICTION"
1085,"FICTION NOVEL FANTASY SPECULATIVE-FICTION"
1086,"FICTION NOVEL"
1087,"FANTASY SPECULATIVE-FICTION"
1088,"FICTION NOVEL"
1089,"FICTION NOVEL ROMANCE-NOVEL YOUNG-ADULT-LITERATURE"
1090,"FICTION MYSTERY SUSPENSE CRIME-FICTION NOVEL"
1091,"SCIENCE-FICTION SPECULATIVE-FICTION"
1092,"HISTORICAL-FICTION WAR-NOVEL NOVEL"
1093,"FICTION NOVEL ROMANCE-NOVEL"
1094,"NOVEL FICTION"
1095,"FICTION NOVEL"
1096,"CHILDREN'S-LITERATURE FANTASY FICTION"
1097,"CHILDREN'S-LITERATURE FICTION MYSTERY"
1098,"FANTASY SPECULATIVE-FICTION"
1099,"FANTASY SPECULATIVE-FICTION"
1100,"CHILDREN'S-LITERATURE FANTASY SPECULATIVE-FICTION"
1101,"SCIENCE-FICTION SPECULATIVE-FICTION"
1102,"FICTION MYSTERY NOVEL"
1103,"CHILDREN'S-LITERATURE FICTION"
1104,"FICTION NOVEL THRILLER SUSPENSE CRIME-FICTION MYSTERY"
1105,"CHILDREN'S-LITERATURE ROMANCE-NOVEL YOUNG-ADULT-LITERATURE FICTION"
1106,"CRIME-FICTION FICTION MYSTERY NOVEL"
1107,"FICTION SPECULATIVE-FICTION"
1108,"HORROR NOVEL SPECULATIVE-FICTION FICTION"
1109,"FANTASY SCIENCE-FICTION SPECULATIVE-FICTION HISTORICAL-NOVEL FICTION"
1110,"FICTION NOVEL"
1111,"CHILDREN'S-LITERATURE FANTASY SPECULATIVE-FICTION"
1112,"YOUNG-ADULT-LITERATURE CHILDREN'S-LITERATURE FANTASY"
1113,"FANTASY SPECULATIVE-FICTION"
1114,"FICTION NOVEL SPECULATIVE-FICTION"
1115,"NOVEL FICTION"
1116,"CHILDREN'S-LITERATURE FICTION NOVEL ROMANCE-NOVEL"
1117,"DETECTIVE-FICTION MYSTERY"
1118,"NOVEL YOUNG-ADULT-LITERATURE FICTION"
1119,"FICTION HISTORICAL-FICTION HISTORICAL-NOVEL NOVEL"
1120,"CRIME-FICTION DETECTIVE-FICTION FICTION MYSTERY SUSPENSE NOVEL"
1121,"NOVEL"
1122,"FICTION NOVEL YOUNG-ADULT-LITERATURE ROMANCE-NOVEL"
1123,"SCIENCE-FICTION SPECULATIVE-FICTION"
1124,"SCIENCE-FICTION FANTASY SPECULATIVE-FICTION"
1125,"FANTASY SPECULATIVE-FICTION"
1126,"CHILDREN'S-LITERATURE FANTASY"
1127,"SCIENCE-FICTION SPECULATIVE-FICTION"
1128,"FANTASY CHILDREN'S-LITERATURE SPECULATIVE-FICTION"
1129,"DETECTIVE-FICTION FICTION MYSTERY SUSPENSE CRIME-FICTION"
1130,"FICTION MYSTERY NOVEL SUSPENSE YOUNG-ADULT-LITERATURE DETECTIVE-FICTION"
1131,"HORROR THRILLER FICTION MYSTERY SPECULATIVE-FICTION"
1132,"CHILDREN'S-LITERATURE SCIENCE-FICTION SPECULATIVE-FICTION"
1133,"CHILDREN'S-LITERATURE FANTASY SCIENCE-FICTION SPECULATIVE-FICTION YOUNG-ADULT-LITERATURE"
1134,"FICTION NOVEL YOUNG-ADULT-LITERATURE"
1135,"AUTOBIOGRAPHY FICTION NON-FICTION"
1136,"CRIME-FICTION MYSTERY FICTION SUSPENSE"
1137,"SCIENCE-FICTION SPECULATIVE-FICTION"
1138,"CHILDREN'S-LITERATURE FICTION NOVEL YOUNG-ADULT-LITERATURE"
1139,"SPECULATIVE-FICTION FICTION FANTASY"
1140,"FICTION NOVEL"
1141,"SCIENCE-FICTION SPECULATIVE-FICTION"
1142,"SPECULATIVE-FICTION FICTION"
1143,"THRILLER"
1144,"CHILDREN'S-LITERATURE YOUNG-ADULT-LITERATURE SPECULATIVE-FICTION"
1145,"FICTION NOVEL ROMANCE-NOVEL"
1146,"HISTORICAL-NOVEL NOVEL FICTION"
1147,"CHILDREN'S-LITERATURE FICTION"
1148,"FANTASY SCIENCE-FICTION SPECULATIVE-FICTION"
1149,"FICTION NOVEL"
1150,"FANTASY SCIENCE-FICTION SPECULATIVE-FICTION"
1151,"SPECULATIVE-FICTION"
1152,"FANTASY SPECULATIVE-FICTION"
1153,"FICTION"
1154,"SPY-FICTION THRILLER FICTION"
1155,"HISTORICAL-FICTION NOVEL FICTION"
1156,"HISTORICAL-NOVEL"
1157,"FICTION MYSTERY NOVEL SPECULATIVE-FICTION SUSPENSE THRILLER"
1158,"CHILDREN'S-LITERATURE FANTASY SPECULATIVE-FICTION"
1159,"FANTASY SPECULATIVE-FICTION"
1160,"CHILDREN'S-LITERATURE FICTION"
1161,"SCIENCE-FICTION SPECULATIVE-FICTION FANTASY"
1162,"FICTION NOVEL ROMANCE-NOVEL"
1163,"THRILLER"
1164,"FICTION"
1165,"FICTION YOUNG-ADULT-LITERATURE"
1166,"CHILDREN'S-LITERATURE FICTION NOVEL"
1167,"HISTORICAL-FICTION HISTORICAL-NOVEL FICTION"
1168,"NON-FICTION NOVEL"
1169,"SPECULATIVE-FICTION NOVEL FICTION"
1170,"CHILDREN'S-LITERATURE"
1171,"SPECULATIVE-FICTION FICTION NOVEL"
1172,"SCIENCE-FICTION SPECULATIVE-FICTION"
1173,"CHILDREN'S-LITERATURE NON-FICTION"
1174,"CRIME-FICTION DETECTIVE-FICTION MYSTERY SUSPENSE"
1175,"SCIENCE-FICTION SPECULATIVE-FICTION"
1176,"FICTION NOVEL"
1177,"SCIENCE-FICTION SPECULATIVE-FICTION"
1178,"FICTION NOVEL ROMANCE-NOVEL"
1179,"CRIME-FICTION FICTION MYSTERY SUSPENSE"
1180,"CRIME-FICTION MYSTERY"
1181,"SCIENCE-FICTION SPECULATIVE-FICTION"
1182,"HISTORICAL-NOVEL MYSTERY FICTION"
1183,"SCIENCE-FICTION SPECULATIVE-FICTION"
1184,"FANTASY SCIENCE-FICTION SPECULATIVE-FICTION"
1185,"SCIENCE-FICTION SPECULATIVE-FICTION"
1186,"NOVEL SPECULATIVE-FICTION FICTION"
1187,"CHILDREN'S-LITERATURE FANTASY SPECULATIVE-FICTION"
1188,"FICTION MYSTERY SUSPENSE"
1189,"SPECULATIVE-FICTION FICTION SCIENCE-FICTION NOVEL"
1190,"SCIENCE-FICTION"
1191,"NOVEL CRIME-FICTION MYSTERY"
1192,"CHILDREN'S-LITERATURE FANTASY SPECULATIVE-FICTION YOUNG-ADULT-LITERATURE"
1193,"FICTION NOVEL SPECULATIVE-FICTION"
1194,"NON-FICTION SPECULATIVE-FICTION SCIENCE-FICTION"
1195,"NOVEL FICTION"
1196,"FANTASY SPECULATIVE-FICTION"
1197,"SCIENCE-FICTION SPECULATIVE-FICTION"
1198,"HORROR SPECULATIVE-FICTION FICTION"
1199,"NOVEL SPECULATIVE-FICTION FICTION"
1200,"FANTASY SPECULATIVE-FICTION"
1201,"FANTASY HISTORICAL-NOVEL SPECULATIVE-FICTION FICTION"
1202,"NON-FICTION NOVEL"
1203,"FANTASY HISTORICAL-FICTION SPECULATIVE-FICTION"
1204,"FANTASY ROMANCE-NOVEL SPECULATIVE-FICTION"
1205,"HISTORICAL-NOVEL"
1206,"SCIENCE-FICTION SPECULATIVE-FICTION"
1207,"FICTION MYSTERY SUSPENSE"
1208,"FICTION NOVEL YOUNG-ADULT-LITERATURE"
1209,"FANTASY SCIENCE-FICTION SPECULATIVE-FICTION FICTION"
1210,"NOVEL FICTION"
1211,"NOVEL SCIENCE-FICTION SPECULATIVE-FICTION"
1212,"FICTION NOVEL ROMANCE-NOVEL YOUNG-ADULT-LITERATURE"
1213,"FICTION NOVEL"
1214,"CHILDREN'S-LITERATURE YOUNG-ADULT-LITERATURE DETECTIVE-FICTION MYSTERY"
1215,"CHILDREN'S-LITERATURE YOUNG-ADULT-LITERATURE FICTION"
1216,"NON-FICTION"
1217,"NON-FICTION SCIENCE-FICTION"
1218,"SPECULATIVE-FICTION FANTASY"
1219,"NOVEL ROMANCE-NOVEL FICTION"
1220,"NOVEL FICTION SPECULATIVE-FICTION"
1221,"FICTION NOVEL SPECULATIVE-FICTION"
1222,"HISTORICAL-FICTION HISTORICAL-NOVEL FANTASY SPECULATIVE-FICTION"
1223,"FANTASY HISTORICAL-FICTION SPECULATIVE-FICTION"
1224,"FANTASY SPECULATIVE-FICTION"
1225,"THRILLER NOVEL FICTION"
1226,"HISTORICAL-NOVEL NOVEL SPECULATIVE-FICTION THRILLER FICTION"
1227,"FANTASY SPECULATIVE-FICTION"
1228,"CRIME-FICTION FICTION"
1229,"CRIME-FICTION FICTION MYSTERY NOVEL"
1230,"AUTOBIOGRAPHY BIOGRAPHY NON-FICTION NOVEL MEMOIR"
1231,"CHILDREN'S-LITERATURE FICTION SPECULATIVE-FICTION YOUNG-ADULT-LITERATURE"
1232,"HISTORICAL-FICTION HISTORICAL-NOVEL"
1233,"FICTION THRILLER"
